date,BOOZ,SMOK,MJ,XBI,XPH,SPY
2019-09-21 16:00:00,102.44,59.58,24.59,82.79,37.3,300.16
2019-09-16 00:00:00,102.44,59.58,24.59,83.86,37.64,300.16
2019-09-13 00:00:00,103.16,60.09,25.22,82.42,37.31,301.09
2019-09-12 00:00:00,103.86,62.18,25.08,82.63,37.37,301.29
2019-09-11 00:00:00,102.83,62.38,25.71,83.38,37.6,300.25
2019-09-10 00:00:00,102.65,61.85,25.49,81.73,36.95,298.13
2019-09-09 00:00:00,103.71,61.07,25.02,79.32,35.79,298.2
2019-09-06 00:00:00,103.36,60.79,25.73,79.47,35.87,298.05
2019-09-05 00:00:00,102.66,60.19,25.33,80.34,35.36,297.82
2019-09-04 00:00:00,104.65,61.01,24.28,79.17,35.13,294.04
2019-09-03 00:00:00,103.51,60.69,24.65,78.66,35.03,290.74
2019-08-30 00:00:00,103.44,60.23,24.01,80.37,35.46,292.45
2019-08-29 00:00:00,102.95,60.81,24.26,81.11,35.53,292.58
2019-08-28 00:00:00,101.98,62.4,24.04,80.06,35.19,288.89
2019-08-27 00:00:00,101.29,60.62,23.8,78.92,34.91,286.87
2019-08-26 00:00:00,101.9,64.93,24.7,80.2,35.67,288.0
2019-08-23 00:00:00,101.13,66.69,24.78,79.44,35.39,284.85
2019-08-22 00:00:00,102.33,67.78,25.41,81.62,36.34,292.36
2019-08-21 00:00:00,102.55,67.7,26.01,83.26,36.56,292.45
2019-08-20 00:00:00,101.78,67.58,25.8,82.47,36.3,290.09
2019-08-19 00:00:00,101.9,69.04,25.98,83.39,36.58,292.33
2019-08-16 00:00:00,101.88,68.89,26.25,82.46,35.92,288.85
2019-08-15 00:00:00,99.93,68.24,25.71,80.33,35.45,284.65
2019-08-14 00:00:00,98.83,67.71,27.12,81.25,35.7,283.9
2019-08-13 00:00:00,100.79,68.45,28.92,83.61,36.89,292.55
2019-08-12 00:00:00,101.03,67.2,28.23,82.47,36.4779,288.07
2019-08-09 00:00:00,102.1,67.39,28.55,84.03,37.07,291.62
2019-08-08 00:00:00,101.96,67.47,28.71,84.8,37.52,293.62
2019-08-07 00:00:00,101.42,66.7,28.49,83.33,36.77,287.97
2019-08-06 00:00:00,100.54,66.65,28.24,83.08,36.72,287.8
2019-08-05 00:00:00,100.15,66.22,27.5,81.29,36.61,283.82
2019-08-02 00:00:00,102.66,69.05,28.33,84.02,37.69,292.62
2019-08-01 00:00:00,103.47,68.01,27.02,85.91,37.95,294.84
2019-07-31 00:00:00,103.94,68.37,28.08,85.68,37.97,297.43
2019-07-30 00:00:00,104.77,70.53,28.19,86.75,38.35,300.72
2019-07-29 00:00:00,105.27,71.54,28.18,85.46,38.02,301.46
2019-07-26 00:00:00,104.32,70.9,28.62,85.65,37.98,302.01
2019-07-25 00:00:00,103.41,70.58,28.41,84.13,37.42,300.0
2019-07-24 00:00:00,103.06,70.3,28.9,86.08,38.02,301.44
2019-07-23 00:00:00,103.35,71.42,29.18,85.31,37.65,300.03
2019-07-22 00:00:00,103.16,71.39,29.48,85.9,37.59,297.9
2019-07-19 00:00:00,103.61,72.79,29.83,85.61,37.6099,297.17
2019-07-18 00:00:00,102.13,72.19,30.18,86.79,37.93,298.83
2019-07-17 00:00:00,102.01,67.83,30.42,85.54,37.76,297.74
2019-07-16 00:00:00,102.06,68.12,30.12,85.46,38.16,299.71
2019-07-15 00:00:00,102.74,68.11,30.01,86.18,38.45,300.75
2019-07-12 00:00:00,102.07,68.34,29.46,85.82,38.52,300.65
2019-07-11 00:00:00,103.06,67.88,30.66,85.94,38.67,299.31
2019-07-10 00:00:00,103.76,67.19,30.9,87.14,39.31,298.61
2019-07-09 00:00:00,103.3,66.43,31.24,86.98,39.61,297.19
2019-07-08 00:00:00,104.25,66.83,31.26,85.76,39.17,296.82
2019-07-05 00:00:00,104.18,67.01,31.74,87.21,39.86,298.46
2019-07-03 00:00:00,105.47,67.48,31.83,88.89,40.51,298.8
2019-07-02 00:00:00,103.71,66.72,31.62,87.62,40.22,296.43
2019-07-01 00:00:00,102.48,65.31,32.1,88.25,40.2,295.66
2019-06-28 00:00:00,102.42,65.49,31.68,87.71,39.83,293.0
2019-06-27 00:00:00,100.96,65.36,31.7,85.95,39.36,291.5
2019-06-26 00:00:00,101.05,65.06,31.3,83.8,38.41,290.47
2019-06-25 00:00:00,101.77,66.24,31.19,84.41,38.66,290.76
2019-06-24 00:00:00,102.13,65.54,31.69,84.73,37.77,293.64
2019-06-21 00:00:00,101.8,66.16,31.98,87.26,38.51,294.0
2019-06-20 00:00:00,102.44,65.88,32.53,86.97,38.53,295.86
2019-06-19 00:00:00,101.29,65.42,31.98,86.99,38.46,293.06
2019-06-18 00:00:00,100.52,65.79,31.55,86.96,38.13,292.4
2019-06-17 00:00:00,99.92,66.6,31.53,85.35,37.6,289.37
2019-06-14 00:00:00,100.39,66.14,31.17,81.49,37.25,289.26
2019-06-13 00:00:00,101.32,66.51,31.95,83.02,37.79,289.58
2019-06-12 00:00:00,101.85,66.44,32.48,81.72,37.7,288.39
2019-06-11 00:00:00,101.32,67.22,32.55,81.18,37.5,288.9
2019-06-10 00:00:00,100.92,66.14,32.94,82.09,37.77,288.97
2019-06-07 00:00:00,100.54,66.92,32.08,82.84,38.06,287.65
2019-06-06 00:00:00,99.43,66.09,31.48,81.36,37.67,284.8
2019-06-05 00:00:00,99.24,65.69,31.6,82.62,37.98,282.96
2019-06-04 00:00:00,98.59,66.72,31.62,82.54,38.18,280.53
2019-06-03 00:00:00,97.61,66.66,30.12,80.36,37.27,274.57
2019-05-31 00:00:00,96.49,65.36,30.97,79.44,36.75,275.27
2019-05-30 00:00:00,98.57,67.29,31.82,80.83,37.2,279.03
2019-05-29 00:00:00,98.01,68.18,32.44,81.27,37.62,278.27
2019-05-28 00:00:00,99.01,68.29,33.23,82.03,37.77,280.15
2019-05-24 00:00:00,100.3,71.14,33.45,82.91,38.61,282.78
2019-05-23 00:00:00,100.45,72.25,33.03,81.85,38.6,282.14
2019-05-22 00:00:00,100.99,71.82,34.07,82.68,38.98,285.63
2019-05-21 00:00:00,100.49,71.59,33.89,83.27,39.08,286.51
2019-05-20 00:00:00,100.24,72.05,33.25,80.77,38.86,283.95
2019-05-17 00:00:00,100.79,72.4,33.67,82.56,39.24,285.84
2019-05-16 00:00:00,101.66,71.5,33.88,83.49,39.54,287.7
2019-05-15 00:00:00,101.53,71.45,33.85,82.46,39.37,285.06
2019-05-14 00:00:00,101.29,70.61,33.29,81.77,39.26,283.4
2019-05-13 00:00:00,100.36,70.2,32.52,80.41,38.86,280.86
2019-05-10 00:00:00,101.41,70.97,34.3,83.92,40.55,288.1
2019-05-09 00:00:00,100.54,70.56,34.02,84.32,40.7,286.66
2019-05-08 00:00:00,101.37,70.48,34.67,84.49,40.32,287.53
2019-05-07 00:00:00,101.09,71.24,34.76,84.77,39.6,287.93
2019-05-06 00:00:00,102.52,71.89,35.51,87.66,41.23,292.82
2019-05-03 00:00:00,103.09,72.32,35.43,86.21,40.91,294.03
2019-05-02 00:00:00,102.26,71.62,34.86,84.58,40.26,291.18
2019-05-01 00:00:00,102.18,72.22,35.48,83.64,39.87,291.81
2019-04-30 00:00:00,102.89,73.06,35.66,85.2,39.82,294.02
2019-04-29 00:00:00,101.91,71.75,35.9,86.68,40.39,293.87
2019-04-26 00:00:00,101.49,71.37,35.31,87.24,40.18,293.41
2019-04-25 00:00:00,100.57,70.12,34.62,86.25,39.7,292.05
2019-04-24 00:00:00,100.78,71.97,34.94,85.86,39.42,292.23
2019-04-23 00:00:00,101.11,72.29,34.85,86.92,39.6,292.88
2019-04-22 00:00:00,100.8,71.84,34.91,84.52,38.94,290.27
2019-04-18 00:00:00,100.59,71.86,33.88,84.63,38.89,290.02
2019-04-17 00:00:00,99.48,73.18,34.09,84.83,38.88,289.45
2019-04-16 00:00:00,99.69,73.69,34.14,88.99,40.25,290.16
2019-04-15 00:00:00,99.95,73.91,33.9,89.1,40.57,289.97
2019-04-12 00:00:00,99.56,73.5,35.09,89.9,40.57,290.16
2019-04-11 00:00:00,99.48,73.11,34.99,90.85,40.91,288.21
2019-04-10 00:00:00,99.01,73.0,35.9,92.8,41.47,288.29
2019-04-09 00:00:00,98.69,72.95,35.27,91.45,41.46,287.31
2019-04-08 00:00:00,98.91,72.71,35.87,93.17,42.26,288.79
2019-04-05 00:00:00,98.91,72.58,36.3,93.8,42.26,288.57
2019-04-04 00:00:00,97.73,72.88,35.92,91.91,41.94,287.18
2019-04-03 00:00:00,96.46,72.48,35.96,92.68,41.7,286.42
2019-04-02 00:00:00,96.54,74.87,36.38,91.73,41.62,285.97
2019-04-01 00:00:00,96.65,75.41,36.63,90.43,41.65,285.83
2019-03-29 00:00:00,96.23,75.4,36.37,90.54,41.58,282.48
2019-03-28 00:00:00,95.65,74.45,36.05,88.89,41.27,280.71
2019-03-27 00:00:00,95.21,74.14,36.14,87.76,40.9,279.65
2019-03-26 00:00:00,95.81,75.35,37.3,89.72,41.19,281.12
2019-03-25 00:00:00,94.43,74.97,37.05,87.99,40.9,279.04
2019-03-22 00:00:00,94.34,76.42,36.83,87.86,41.2,279.25
2019-03-21 00:00:00,95.96,77.27,38.44,91.92,42.39,284.73
2019-03-20 00:00:00,95.3,76.08,38.37,90.33,42.04,281.55
2019-03-19 00:00:00,94.95,76.06,38.74,91.24,42.3,282.4
2019-03-18 00:00:00,94.69,76.72,38.34,91.56,41.99,282.33
2019-03-15 00:00:00,94.12,76.57,37.35,91.27,41.75,281.31
2019-03-14 00:00:00,92.9,75.8,36.8,90.57,41.73,281.16
2019-03-13 00:00:00,93.25,75.52,36.9,91.69,41.96,281.34
2019-03-12 00:00:00,92.82,74.96,36.57,89.97,41.51,279.49
2019-03-11 00:00:00,93.59,75.32,36.32,89.04,41.2,278.44
2019-03-08 00:00:00,92.35,74.01,35.68,86.46,40.96,274.46
2019-03-07 00:00:00,92.48,73.47,35.63,86.56,40.98,275.01
2019-03-06 00:00:00,93.06,73.47,36.67,86.53,41.06,277.33
2019-03-05 00:00:00,93.3,72.72,37.28,90.22,42.47,279.02
2019-03-04 00:00:00,93.37,72.72,36.65,90.9,42.79,279.4
2019-03-01 00:00:00,93.58,72.97,37.12,91.81,43.41,280.42
2019-02-28 00:00:00,92.21,72.5,37.09,89.14,42.9,278.68
2019-02-27 00:00:00,91.45,72.66,37.08,90.28,42.06,279.2
2019-02-26 00:00:00,91.73,72.12,36.83,88.83,41.72,279.32
2019-02-25 00:00:00,91.44,72.07,36.13,89.53,41.38,279.52
2019-02-22 00:00:00,92.2,72.25,36.54,85.74,41.4,279.14
2019-02-21 00:00:00,92.74,70.87,36.11,84.09,40.7,277.42
2019-02-20 00:00:00,92.3,70.61,36.23,85.3,41.34,278.41
2019-02-19 00:00:00,92.75,69.02,35.63,85.64,41.75,277.85
2019-02-15 00:00:00,93.23,68.96,35.69,86.59,41.7,277.37
2019-02-14 00:00:00,92.28,68.17,34.94,84.78,41.27,274.38
2019-02-13 00:00:00,92.71,67.79,34.93,84.43,40.92,274.99
2019-02-12 00:00:00,92.02,67.65,34.4,84.42,40.96,274.1
2019-02-11 00:00:00,92.2,66.42,33.53,83.08,40.44,270.62
2019-02-08 00:00:00,92.46,66.95,34.33,82.68,40.2805,270.47
2019-02-07 00:00:00,92.43,64.99,35.22,81.99,40.11,270.14
2019-02-06 00:00:00,92.01,64.5,34.65,84.28,40.85,272.74
2019-02-05 00:00:00,92.52,64.58,36.57,83.8,41.0,273.1
2019-02-04 00:00:00,91.58,64.75,37.27,84.34,40.65,271.96
2019-02-01 00:00:00,91.01,64.6,35.86,83.99,40.378,270.06
2019-01-31 00:00:00,91.42,65.24,35.16,83.6,40.13,269.93
2019-01-30 00:00:00,89.14,63.29,33.81,82.29,39.82,267.58
2019-01-29 00:00:00,88.87,62.48,33.23,80.07,39.23,263.41
2019-01-28 00:00:00,88.46,62.2,33.8,80.03,39.32,263.76
2019-01-25 00:00:00,88.85,60.81,32.0,82.37,39.81,265.78
2019-01-24 00:00:00,88.62,59.75,31.21,80.55,39.31,263.55
2019-01-23 00:00:00,88.98,61.75,30.65,79.78,39.64,263.41
2019-01-22 00:00:00,88.47,61.16,30.94,80.86,39.65,262.86
2019-01-18 00:00:00,88.71,63.09,31.02,83.38,40.24,266.46
2019-01-17 00:00:00,87.94,61.84,30.6,82.4,39.8597,262.96
2019-01-16 00:00:00,87.23,60.85,30.68,81.91,39.56,260.98
2019-01-15 00:00:00,88.15,61.0,30.28,82.2,39.85,260.35
2019-01-14 00:00:00,87.7,60.62,31.29,80.12,39.18,257.4
2019-01-11 00:00:00,88.18,60.81,30.78,82.0,39.61,258.98
2019-01-10 00:00:00,86.95,60.0,29.59,82.16,39.41,258.88
2019-01-09 00:00:00,85.87,60.19,28.99,80.82,39.04,257.97
2019-01-08 00:00:00,87.35,59.92,27.8,80.48,39.26,256.77
2019-01-07 00:00:00,86.3,59.54,27.84,79.5,38.71,254.38
2019-01-04 00:00:00,85.69,61.41,27.09,75.02,37.56,252.39
2019-01-03 00:00:00,83.73,59.07,26.44,71.21,35.92,244.21
2019-01-02 00:00:00,83.75,59.69,26.42,72.86,36.9109,250.18
2018-12-31 00:00:00,83.52,59.4,24.94,71.75,36.62,249.92
2018-12-28 00:00:00,83.29,59.5,25.15,70.09,36.43,247.75
2018-12-27 00:00:00,83.51,59.07,24.14,69.58,36.21,248.07
2018-12-26 00:00:00,83.59,59.07,24.18,70.26,36.39,246.18
2018-12-24 00:00:00,81.71,58.19,23.66,65.42,34.77,234.34
2018-12-21 00:00:00,82.81,58.95,24.18,65.74,35.18,240.7
2018-12-20 00:00:00,84.34,61.19,25.27,68.66,36.68,247.17
2018-12-19 00:00:00,84.46,63.32,25.85,71.16,37.49,251.26
2018-12-18 00:00:00,84.29,64.96,26.55,73.65,38.48,255.08
2018-12-17 00:00:00,84.14,69.22,26.4,75.05,38.8784,255.36
2018-12-14 00:00:00,85.73,70.02,27.23,76.79,39.8799,260.47
2018-12-13 00:00:00,87.07,71.59,27.45,77.87,41.2225,265.37
2018-12-12 00:00:00,87.33,71.04,28.39,80.08,41.54,265.46
2018-12-11 00:00:00,85.8,71.59,29.08,78.87,41.18,264.13
2018-12-10 00:00:00,85.83,71.29,28.6,79.13,41.11,264.07
2018-12-07 00:00:00,86.23,71.82,28.92,78.19,41.13,263.57
2018-12-06 00:00:00,87.52,72.34,27.55,80.7,42.18,269.84
2018-12-04 00:00:00,88.2,72.42,28.1,80.46,42.82,270.25
2018-12-03 00:00:00,90.07,73.94,29.1,84.63,43.9,279.3
2018-11-30 00:00:00,90.55,73.25,29.36,81.65,43.65,275.65
2018-11-29 00:00:00,90.98,73.95,29.29,80.45,43.3,273.98
2018-11-28 00:00:00,90.98,73.21,29.77,80.93,43.24,274.58
2018-11-27 00:00:00,89.38,71.95,28.65,77.97,42.46,268.4
2018-11-26 00:00:00,89.35,71.0,29.01,79.89,42.7,267.5
2018-11-23 00:00:00,90.08,71.33,30.05,78.09,42.73,263.25
2018-11-21 00:00:00,90.31,71.55,29.7,77.87,42.55,265.02
2018-11-20 00:00:00,89.26,73.58,28.9,76.45,42.44,264.12
2018-11-19 00:00:00,90.97,74.24,29.5,76.91,43.04,269.1
2018-11-16 00:00:00,91.37,73.92,30.64,79.52,43.39,273.73
2018-11-15 00:00:00,89.91,73.83,31.17,77.55,43.23,273.02
2018-11-14 00:00:00,90.08,74.38,29.5,74.93,42.73,270.2
2018-11-13 00:00:00,89.29,75.28,30.85,77.28,43.68,272.06
2018-11-12 00:00:00,90.06,76.68,31.87,77.66,43.73,272.57
2018-11-09 00:00:00,91.23,78.31,32.51,80.78,44.08,277.76
2018-11-08 00:00:00,90.74,79.28,34.46,84.21,44.41,280.5
2018-11-07 00:00:00,92.87,79.04,36.7,85.34,45.16,281.01
2018-11-06 00:00:00,91.29,78.66,34.28,83.24,44.6,275.12
2018-11-05 00:00:00,91.08,79.02,33.42,83.51,44.35,273.39
2018-11-02 00:00:00,89.83,78.15,32.3,83.96,44.37,271.89
2018-11-01 00:00:00,90.45,77.92,31.81,83.74,44.7399,273.51
2018-10-31 00:00:00,88.55,78.31,31.02,79.11,43.28,270.63
2018-10-30 00:00:00,88.42,80.06,29.74,78.36,43.08,267.77
2018-10-29 00:00:00,89.12,79.54,29.22,77.92,42.7401,263.86
2018-10-26 00:00:00,90.92,78.07,31.99,80.42,42.9,265.33
2018-10-25 00:00:00,91.05,79.05,32.27,80.44,43.19,270.08
2018-10-24 00:00:00,93.44,77.86,31.43,77.28,42.58,265.32
2018-10-23 00:00:00,94.34,77.27,33.01,83.42,44.59,273.61
2018-10-22 00:00:00,95.04,76.46,33.99,83.49,44.73,275.01
2018-10-19 00:00:00,96.36,77.5,37.5,85.42,45.29,276.25
2018-10-18 00:00:00,95.88,76.31,39.4,87.54,45.55,276.4
2018-10-17 00:00:00,96.6,74.45,39.71,89.3,45.83,280.45
2018-10-16 00:00:00,97.32,73.88,40.9,89.45,45.7,280.4
2018-10-15 00:00:00,95.51,74.15,42.48,84.94,44.52,274.4
2018-10-12 00:00:00,95.6,72.9,39.23,86.1,44.34,275.95
2018-10-11 00:00:00,94.78,73.33,37.42,84.41,43.82,272.17
2018-10-10 00:00:00,96.13,75.42,38.23,85.44,44.93,278.3
2018-10-09 00:00:00,98.3,75.5,39.24,88.41,45.93,287.4
2018-10-08 00:00:00,98.64,75.68,39.41,89.5,45.7,287.82
2018-10-05 00:00:00,98.03,74.77,38.82,90.45,45.98,287.82
2018-10-04 00:00:00,98.07,74.48,39.09,91.84,46.01,289.44
2018-10-03 00:00:00,97.84,73.57,40.04,94.9,47.26,291.72
2018-10-02 00:00:00,97.83,74.11,38.66,93.2,46.86,291.56
2018-10-01 00:00:00,98.59,72.72,40.7,94.59,46.9,291.73
2018-09-28 00:00:00,98.46,72.54,40.05,95.87,48.56,290.72
2018-09-27 00:00:00,98.23,72.71,38.72,95.99,48.49,290.69
2018-09-26 00:00:00,98.52,72.14,38.94,96.12,48.23,289.88
2018-09-25 00:00:00,98.34,71.75,39.36,96.9,48.55,290.75
2018-09-24 00:00:00,98.18,72.89,39.27,96.62,48.65,291.02
2018-09-21 00:00:00,99.39,74.76,39.5,95.54,48.69,291.99
2018-09-20 00:00:00,99.66,73.93,43.01,97.16,48.85,293.58
2018-09-19 00:00:00,98.09,72.8,41.21,95.57,48.03,291.22
2018-09-18 00:00:00,98.74,72.58,39.68,95.45,48.08,290.91
2018-09-17 00:00:00,98.55,72.68,37.15,94.3,47.71,289.34
2018-09-14 00:00:00,98.48,71.96,35.77,95.83,48.38,290.88
2018-09-13 00:00:00,98.47,71.98,35.33,95.9,48.94,290.83
2018-09-12 00:00:00,97.38,72.94,37.7,96.23,48.85,289.12
2018-09-11 00:00:00,97.29,69.8,37.26,96.54,48.74,289.05
2018-09-10 00:00:00,97.7,70.8,35.98,96.56,48.94,288.1
2018-09-07 00:00:00,97.61,71.07,34.81,96.41,49.02,287.6
2018-09-06 00:00:00,97.55,71.02,34.34,96.69,48.98,288.16
2018-09-05 00:00:00,97.48,71.07,35.1,99.24,49.7799,289.03
2018-09-04 00:00:00,98.01,69.76,34.96,100.01,49.8,289.81
2018-08-31 00:00:00,98.76,69.67,33.48,100.14,49.96,290.31
2018-08-30 00:00:00,100.12,70.13,33.02,99.93,49.48,290.3
2018-08-29 00:00:00,101.29,70.32,34.4,99.55,49.5,291.48
2018-08-28 00:00:00,100.72,70.59,32.54,98.66,49.34,289.92
2018-08-27 00:00:00,102.02,71.26,33.83,98.0,49.0,289.78
2018-08-24 00:00:00,101.1,70.83,32.33,96.4,48.85,287.51
2018-08-23 00:00:00,100.61,72.8,30.48,96.03,48.82,285.79
2018-08-22 00:00:00,101.24,72.66,30.23,96.7,49.16,286.17
2018-08-21 00:00:00,101.39,73.56,29.82,95.13,49.13,286.34
2018-08-20 00:00:00,101.3,74.61,28.83,93.3,49.32,285.67
2018-08-17 00:00:00,101.23,74.89,27.23,93.99,48.91,285.06
2018-08-16 00:00:00,100.23,74.6,26.85,93.92,48.63,284.06
2018-08-15 00:00:00,100.22,73.59,27.06,93.08,48.09,281.78
2018-08-14 00:00:00,101.77,72.55,25.2,94.89,48.24,283.9
2018-08-13 00:00:00,100.36,72.19,25.82,94.5,47.86,282.1
2018-08-10 00:00:00,100.41,72.63,26.55,94.95,47.89,283.16
2018-08-09 00:00:00,102.89,73.78,26.98,95.25,48.0799,285.07
2018-08-08 00:00:00,103.57,73.15,26.61,95.41,48.35,285.46
2018-08-07 00:00:00,104.06,74.59,26.52,95.95,47.9199,285.58
2018-08-06 00:00:00,102.83,75.22,26.78,94.89,47.24,284.64
2018-08-03 00:00:00,103.31,75.43,26.77,94.71,46.96,283.6
2018-08-02 00:00:00,102.5,74.56,26.83,95.98,46.73,282.39
2018-08-01 00:00:00,102.92,73.99,26.91,95.37,46.39,280.86
2018-07-31 00:00:00,103.45,74.68,26.94,95.29,46.45,281.33
2018-07-30 00:00:00,103.09,74.77,26.6,93.42,45.91,279.95
2018-07-27 00:00:00,103.92,73.87,26.49,94.97,45.69,281.42
2018-07-26 00:00:00,103.83,72.55,26.4,97.64,45.9501,283.34
2018-07-25 00:00:00,106.41,72.88,26.96,97.72,45.91,284.01
2018-07-24 00:00:00,105.13,72.79,27.13,97.75,45.22,281.61
2018-07-23 00:00:00,104.73,72.42,27.65,99.81,45.45,280.2
2018-07-20 00:00:00,104.89,73.09,27.26,100.13,45.07,279.68
2018-07-19 00:00:00,103.95,70.79,27.44,100.4,45.18,280.0
2018-07-18 00:00:00,103.65,71.73,27.86,100.13,45.18,281.06
2018-07-17 00:00:00,103.71,71.8,27.43,100.35,45.28,280.47
2018-07-16 00:00:00,103.68,71.48,27.86,98.92,44.84,279.34
2018-07-13 00:00:00,104.28,72.48,28.83,100.56,45.37,279.59
2018-07-12 00:00:00,103.85,72.58,29.21,100.84,45.525,279.37
2018-07-11 00:00:00,103.28,72.65,29.3499,99.73,44.66,276.86
2018-07-10 00:00:00,103.79,72.58,29.49,99.64,44.81,278.9
2018-07-09 00:00:00,103.6,71.99,29.63,100.09,44.86,277.9
2018-07-06 00:00:00,103.69,72.14,29.78,100.25,44.39,275.42
2018-07-05 00:00:00,102.54,71.74,29.55,97.49,43.66,273.11
2018-07-03 00:00:00,100.36,70.73,29.53,97.01,43.07,270.9
2018-07-02 00:00:00,99.32,69.97,29.4,96.29,43.15,271.86
2018-06-29 00:00:00,100.33,70.64,29.4,95.19,43.01,271.28
2018-06-28 00:00:00,100.51,71.38,29.38,94.17,42.95,270.89
2018-06-27 00:00:00,98.81,69.82,28.18,93.62,42.55,269.35
2018-06-26 00:00:00,99.79,69.79,29.83,96.73,43.23,271.6
2018-06-25 00:00:00,99.36,70.3,30.32,96.4,43.29,271.0
2018-06-22 00:00:00,100.24,70.41,31.2,99.08,43.95,274.74
2018-06-21 00:00:00,98.85,69.85,31.72,99.06,44.14,274.24
2018-06-20 00:00:00,98.41,71.22,30.92,101.15,44.91,275.97
2018-06-19 00:00:00,98.22,70.7,30.21,98.85,44.52,275.5
2018-06-18 00:00:00,98.6,70.14,30.06,97.45,44.3,276.56
2018-06-15 00:00:00,99.7,71.72,29.99,97.18,44.6,277.13
2018-06-14 00:00:00,99.6,70.67,30.21,97.59,44.39,278.73
2018-06-13 00:00:00,99.63,70.52,30.3,97.18,44.27,278.03
2018-06-12 00:00:00,99.29,70.84,30.43,96.93,44.12,278.92
2018-06-11 00:00:00,98.57,71.08,31.05,95.92,43.93,278.56
2018-06-08 00:00:00,98.13,70.24,31.5,96.3,43.77,278.19
2018-06-07 00:00:00,96.51,68.63,31.77,96.55,43.26,277.37
2018-06-06 00:00:00,97.08,68.16,32.26,97.77,43.28,277.4
2018-06-05 00:00:00,97.18,68.55,31.11,97.17,42.25,275.1
2018-06-04 00:00:00,98.46,68.95,30.15,96.44,42.05,274.9
2018-06-01 00:00:00,96.63,68.7,29.55,96.65,42.75,273.6
2018-05-31 00:00:00,97.05,69.51,29.81,94.67,42.1,270.94
2018-05-30 00:00:00,97.49,70.31,29.9,94.16,42.62,272.61
2018-05-29 00:00:00,95.85,69.34,29.68,92.47,41.84,269.02
2018-05-25 00:00:00,96.88,69.93,29.91,93.0,42.05,272.15
2018-05-24 00:00:00,97.42,70.78,30.38,92.73,41.87,272.8
2018-05-23 00:00:00,97.16,70.83,30.77,92.44,42.01,273.36
2018-05-22 00:00:00,97.09,69.48,30.74,92.21,41.79,272.61
2018-05-21 00:00:00,96.87,69.82,31.13,91.78,41.99,273.37
2018-05-18 00:00:00,96.7,70.14,30.45,93.57,42.32,271.33
2018-05-17 00:00:00,97.51,70.2,29.75,93.78,42.14,272.01
2018-05-16 00:00:00,97.43,69.94,30.08,93.46,41.85,272.24
2018-05-15 00:00:00,96.96,69.24,30.34,92.28,41.83,271.1
2018-05-14 00:00:00,97.74,69.99,30.64,92.82,41.88,272.98
2018-05-11 00:00:00,97.91,70.26,30.06,91.65,41.29,272.85
2018-05-10 00:00:00,97.86,71.66,29.6,89.04,40.22,272.02
2018-05-09 00:00:00,98.84,71.02,29.32,89.8,39.62,269.5
2018-05-08 00:00:00,99.28,70.06,28.77,88.07,39.15,266.92
2018-05-07 00:00:00,99.44,70.65,29.34,88.5,39.53,266.92
2018-05-04 00:00:00,99.67,71.09,28.94,87.37,39.32,266.02
2018-05-03 00:00:00,99.13,70.29,28.49,85.92,39.04,262.62
2018-05-02 00:00:00,98.92,69.81,28.55,87.45,39.9,263.2
2018-05-01 00:00:00,101.65,70.6,28.47,87.91,40.47,264.98
2018-04-30 00:00:00,103.09,71.1,28.7,86.98,40.27,264.51
2018-04-27 00:00:00,102.73,71.44,28.07,88.42,40.96,266.56
2018-04-26 00:00:00,102.3,70.26,28.17,87.84,40.76,266.31
2018-04-25 00:00:00,101.48,70.88,28.38,86.35,40.46,263.63
2018-04-24 00:00:00,101.22,71.06,28.53,86.45,40.76,262.98
2018-04-23 00:00:00,101.93,72.27,28.6,88.06,40.94,266.57
2018-04-20 00:00:00,103.2,72.89,29.35,88.93,41.68,266.61
2018-04-19 00:00:00,104.17,73.92,29.29,89.21,42.01,268.89
2018-04-18 00:00:00,105.49,84.73,29.43,90.74,42.36,270.39
2018-04-17 00:00:00,105.38,86.84,29.7,91.12,42.23,270.19
2018-04-16 00:00:00,104.08,86.74,29.98,88.9,41.75,267.33
2018-04-13 00:00:00,104.26,85.97,29.59,89.58,41.66,265.15
2018-04-12 00:00:00,104.09,84.81,28.25,90.45,41.93,265.93
2018-04-11 00:00:00,104.49,85.26,27.86,89.15,41.9,263.76
2018-04-10 00:00:00,105.11,85.64,27.49,88.47,42.02,265.15
2018-04-09 00:00:00,104.29,85.01,26.65,85.11,41.07,261.0
2018-04-06 00:00:00,103.87,85.45,27.43,82.9,40.62,259.72
2018-04-05 00:00:00,105.32,86.13,28.1,85.47,41.53,265.64
2018-04-04 00:00:00,104.33,85.18,27.5,87.22,41.66,263.56
2018-04-03 00:00:00,102.38,84.27,27.27,84.35,41.08,260.77
2018-04-02 00:00:00,101.33,82.04,28.18,83.85,40.3,257.47
2018-03-29 00:00:00,103.26,83.87,29.52,87.73,41.87,263.15
2018-03-28 00:00:00,102.31,84.15,28.63,87.01,41.47,259.83
2018-03-27 00:00:00,100.74,81.65,29.6,87.16,41.16,260.6
2018-03-26 00:00:00,101.23,80.97,30.76,91.05,41.73,265.11
2018-03-23 00:00:00,100.04,80.41,30.75,88.6,41.15,258.05
2018-03-22 00:00:00,102.11,82.06,30.51,90.26,42.07,263.67
2018-03-21 00:00:00,103.33,81.95,31.75,93.04,42.65,270.43
2018-03-20 00:00:00,103.18,84.05,31.81,92.11,42.3,270.95
2018-03-19 00:00:00,102.98,85.31,32.11,91.89,42.81,270.49
2018-03-16 00:00:00,103.98,86.61,31.7,93.57,43.46,274.2
2018-03-15 00:00:00,104.52,87.76,32.04,94.03,43.17,275.0
2018-03-14 00:00:00,105.04,88.13,32.3,95.52,43.65,275.3
2018-03-13 00:00:00,105.34,90.03,32.68,95.94,43.71,276.72
2018-03-12 00:00:00,106.23,89.83,33.09,96.98,43.83,278.52
2018-03-09 00:00:00,105.94,90.46,33.13,96.45,43.75,278.87
2018-03-08 00:00:00,105.84,90.78,33.29,94.99,43.17,274.1
2018-03-07 00:00:00,103.72,88.99,33.29,94.83,42.69,272.78
2018-03-06 00:00:00,103.83,89.91,33.73,93.65,42.51,272.88
2018-03-05 00:00:00,102.91,89.49,33.31,93.38,42.64,272.19
2018-03-02 00:00:00,102.54,88.32,32.44,91.96,42.53,269.08
2018-03-01 00:00:00,101.95,87.02,32.48,89.52,41.27,267.7
2018-02-28 00:00:00,101.27,86.57,31.8,90.36,41.57,271.65
2018-02-27 00:00:00,101.89,87.31,30.85,92.09,42.64,274.43
2018-02-26 00:00:00,103.33,89.42,31.96,93.19,43.86,277.9
2018-02-23 00:00:00,102.87,88.74,31.96,92.54,43.26,274.71
2018-02-22 00:00:00,101.64,86.39,32.14,91.17,42.66,270.4
2018-02-21 00:00:00,101.44,87.07,32.5,91.05,42.89,270.05
2018-02-20 00:00:00,101.88,86.66,32.72,90.83,42.94,271.4
2018-02-16 00:00:00,102.8,88.04,32.39,92.47,43.51,273.11
2018-02-15 00:00:00,101.59,87.61,33.3,92.73,43.26,273.03
2018-02-14 00:00:00,100.82,86.88,33.17,91.65,42.665,269.59
2018-02-13 00:00:00,100.16,87.37,32.37,89.31,41.75,266.0
2018-02-12 00:00:00,100.19,86.87,32.4,88.79,41.86,265.34
2018-02-09 00:00:00,99.28,84.88,32.03,87.02,41.36,261.5
2018-02-08 00:00:00,99.28,85.16,31.59,86.82,41.04,257.63
2018-02-07 00:00:00,101.92,85.38,32.21,91.42,42.55,267.67
2018-02-06 00:00:00,103.73,86.13,33.24,91.05,42.47,269.13
2018-02-05 00:00:00,102.14,84.97,30.34,88.34,42.09,263.93
2018-02-02 00:00:00,106.0,89.13,30.42,91.89,44.19,275.45
2018-02-01 00:00:00,107.68,90.36,32.91,93.61,45.15,281.58
2018-01-31 00:00:00,107.13,91.74,35.1,93.37,44.63,281.9
2018-01-30 00:00:00,106.53,91.95,34.75,95.03,45.48,281.76
2018-01-29 00:00:00,106.67,92.35,36.64,97.03,46.7376,284.68
2018-01-26 00:00:00,108.77,93.76,37.65,96.19,46.85,286.58
2018-01-25 00:00:00,107.96,91.72,37.33,95.41,46.62,283.3
2018-01-24 00:00:00,108.24,94.22,38.5899,94.34,46.2,283.18
2018-01-23 00:00:00,107.62,93.55,38.84,95.82,46.54,283.29
2018-01-22 00:00:00,107.45,93.06,37.99,93.89,46.32,282.69
2018-01-19 00:00:00,107.56,93.06,36.48,88.92,45.38,280.41
2018-01-18 00:00:00,107.43,90.35,36.07,87.89,45.25,279.14
2018-01-17 00:00:00,107.86,90.82,35.83,88.02,45.48,279.61
2018-01-16 00:00:00,107.54,89.78,35.23,86.84,45.29,276.97
2018-01-12 00:00:00,106.95,89.84,33.58,89.62,45.74,277.92
2018-01-11 00:00:00,106.17,90.33,35.7,89.14,45.42,276.12
2018-01-10 00:00:00,106.1,90.78,37.59,88.59,44.78,274.12
2018-01-09 00:00:00,107.21,90.05,37.9,87.49,44.79,274.54
2018-01-08 00:00:00,107.1,89.91,38.42,85.31,44.13,273.92
2018-01-05 00:00:00,107.2,90.04,36.45,87.04,44.3553,273.42
2018-01-04 00:00:00,106.94,89.47,35.47,87.35,44.44,271.61
2018-01-03 00:00:00,107.16,90.05,37.81,88.37,44.4,270.47
2018-01-02 00:00:00,107.05,90.24,35.57,87.21,44.07,268.77
2017-12-29 00:00:00,106.33,91.25,32.57,84.87,43.5,266.86
2017-12-28 00:00:00,105.35,90.7,32.0,86.2,43.86,267.87
2017-12-27 00:00:00,105.42,91.11,30.11,85.88,43.73,267.32
2017-12-26 00:00:00,104.67,90.62,30.23,85.17,43.96,267.19
2017-12-22 00:00:00,104.69,90.96,29.2434,84.59,43.55,267.51
2017-12-21 00:00:00,105.09,90.95,29.16,83.08,43.76,267.58
2017-12-20 00:00:00,105.0,90.98,29.2,82.14,43.38,267.03
2017-12-19 00:00:00,105.22,93.72,29.375,81.56,43.45,267.17
2017-12-18 00:00:00,105.78,93.12,29.74,81.82,43.59,268.2
2017-12-15 00:00:00,104.87,93.73,29.1347,81.82,43.7,266.51
2017-12-14 00:00:00,105.41,92.6,29.03,81.32,43.39,265.66
2017-12-13 00:00:00,105.33,93.14,29.14,82.92,43.97,266.75
2017-12-12 00:00:00,104.77,92.35,29.285,81.69,43.68,266.78
2017-12-11 00:00:00,105.08,91.58,29.1175,83.07,43.37,266.31
2017-12-08 00:00:00,104.8,91.86,29.095,83.93,43.03,265.51
2017-12-07 00:00:00,103.9,91.9,29.1328,82.28,42.43,264.07
2017-12-06 00:00:00,104.87,92.5,29.33,79.95,41.96,263.24
2017-12-05 00:00:00,104.93,90.64,29.55,80.35,42.33,263.19
2017-12-04 00:00:00,105.46,90.1,29.6044,81.43,42.47,264.14
2017-12-01 00:00:00,105.3,88.96,29.52,83.42,43.08,264.46
2017-11-30 00:00:00,103.97,88.09,29.35,83.19,43.0,265.01
2017-11-29 00:00:00,104.42,87.86,29.76,81.0,42.8,262.71
2017-11-28 00:00:00,105.77,87.58,29.94,81.39,42.57,262.87
2017-11-27 00:00:00,105.72,86.94,29.73,81.22,42.21,260.23
2017-11-24 00:00:00,105.65,87.38,29.7323,81.96,42.59,260.36
2017-11-22 00:00:00,104.5,87.6,29.5488,81.71,42.35,259.76
2017-11-21 00:00:00,104.11,87.56,29.54,81.28,42.12,259.99
2017-11-20 00:00:00,103.09,87.15,29.6,80.87,41.68,258.3
2017-11-17 00:00:00,102.97,87.45,29.7612,81.43,41.9,257.86
2017-11-16 00:00:00,102.76,87.24,29.43,81.43,41.82,258.62
2017-11-15 00:00:00,102.12,86.63,28.9778,80.05,41.26,256.44
2017-11-14 00:00:00,103.12,87.21,29.15,80.06,41.21,257.73
2017-11-13 00:00:00,103.97,87.72,29.496,81.68,41.4,258.33
2017-11-10 00:00:00,103.7,87.1,29.75,82.77,41.31,258.09
2017-11-09 00:00:00,103.81,86.56,30.02,82.92,40.75,258.17
2017-11-08 00:00:00,103.63,86.96,30.2,83.21,40.61,259.11
2017-11-07 00:00:00,103.65,86.81,30.0981,84.14,40.03,258.67
2017-11-06 00:00:00,104.89,85.94,30.22,85.03,41.21,258.85
2017-11-03 00:00:00,104.54,86.43,30.22,85.6,41.05,258.45
2017-11-02 00:00:00,104.14,86.51,30.22,83.9,40.45,257.59
2017-11-01 00:00:00,104.86,87.4,30.0358,82.47,40.96,257.49
2017-10-31 00:00:00,105.93,87.73,29.74,83.64,40.56,257.15
2017-10-30 00:00:00,104.9,87.69,29.74,84.01,40.6,256.75
2017-10-27 00:00:00,105.29,88.78,30.4498,83.8,40.82,257.71
2017-10-26 00:00:00,104.74,89.71,30.4498,81.81,41.09,255.62
2017-10-25 00:00:00,105.25,88.94,30.22,82.87,42.01,255.29
2017-10-24 00:00:00,105.97,90.0,30.16,83.58,42.41,256.56
2017-10-23 00:00:00,106.35,90.62,30.35,84.46,42.59,256.11
2017-10-20 00:00:00,106.91,90.91,31.1,85.62,43.18,257.11
2017-10-19 00:00:00,107.47,89.85,31.0225,85.71,43.16,255.79
2017-10-18 00:00:00,107.51,92.59,31.2643,86.23,42.78,255.72
2017-10-17 00:00:00,107.85,92.7,30.92,86.74,42.88,255.47
2017-10-16 00:00:00,107.68,93.42,31.12,86.92,42.74,255.29
2017-10-13 00:00:00,107.78,93.56,31.12,86.66,43.08,254.95
2017-10-12 00:00:00,107.71,94.0,30.97,87.29,43.17,254.64
2017-10-11 00:00:00,107.54,93.65,30.97,87.37,43.6,255.02
2017-10-10 00:00:00,107.25,94.24,31.02,87.63,43.39,254.62
2017-10-09 00:00:00,106.41,92.6,31.23,87.73,43.31,253.95
2017-10-06 00:00:00,106.25,90.94,32.195,88.32,43.67,254.37
2017-10-05 00:00:00,106.92,91.62,32.195,88.51,43.83,254.66
2017-10-04 00:00:00,105.83,91.42,32.2,88.24,43.87,253.16
2017-10-03 00:00:00,105.45,90.64,32.03,87.78,43.26,252.86
2017-10-02 00:00:00,104.67,90.85,31.69,87.97,43.59,252.32
2017-09-29 00:00:00,104.82,91.15,31.69,86.57,42.55,251.23
2017-09-28 00:00:00,104.78,91.92,31.38,85.88,42.17,250.35
2017-09-27 00:00:00,104.45,91.9,31.38,84.47,42.72,250.05
2017-09-26 00:00:00,104.59,92.3,32.0,83.25,42.04,249.08
2017-09-25 00:00:00,104.79,92.61,32.0,84.25,42.49,248.93
2017-09-22 00:00:00,105.27,91.65,32.42,83.91,42.37,249.44
2017-09-21 00:00:00,105.24,91.49,32.36,84.59,42.36,249.39
2017-09-20 00:00:00,105.18,91.67,32.5702,85.17,42.2,250.06
2017-09-19 00:00:00,106.4,93.22,32.24,83.69,42.155,249.97
2017-09-18 00:00:00,107.04,93.78,32.6399,84.03,42.78,249.72
2017-09-15 00:00:00,106.8,93.54,32.5409,83.66,42.72,249.19
2017-09-14 00:00:00,107.64,94.05,32.1,83.19,43.14,250.09
2017-09-13 00:00:00,107.57,94.22,32.0,83.53,43.37,250.17
2017-09-12 00:00:00,107.91,94.32,32.23,83.52,43.73,250.05
2017-09-11 00:00:00,107.67,94.84,32.1542,83.88,43.69,249.21
2017-09-08 00:00:00,107.3,94.22,32.088,83.82,43.28,246.58
2017-09-07 00:00:00,107.14,95.52,32.06,84.35,43.07,246.87
2017-09-06 00:00:00,106.53,95.56,31.8776,84.22,42.55,246.9
2017-09-05 00:00:00,105.67,94.84,31.7189,83.98,42.5,246.06
2017-09-01 00:00:00,106.38,95.21,31.4199,84.62,42.92,247.84
2017-08-31 00:00:00,106.32,94.62,31.166,83.83,42.91,247.49
2017-08-30 00:00:00,105.96,94.59,31.166,81.56,41.72,246.01
2017-08-29 00:00:00,105.53,94.56,31.298,80.59,41.68,244.85
2017-08-28 00:00:00,105.05,94.02,31.298,80.23,41.56,244.57
2017-08-25 00:00:00,105.38,93.64,31.1,77.81,41.1,244.56
2017-08-24 00:00:00,105.0,93.28,31.1632,78.55,41.16,243.99
2017-08-23 00:00:00,105.24,93.88,31.1632,76.97,40.7345,244.56
2017-08-22 00:00:00,105.56,94.48,31.2,77.17,40.72,245.44
2017-08-21 00:00:00,105.68,94.62,31.11,75.37,40.23,242.9
2017-08-18 00:00:00,105.36,93.8,31.11,74.95,40.36,242.71
2017-08-17 00:00:00,105.45,94.4,30.84,75.03,40.55,243.09
2017-08-16 00:00:00,106.25,95.93,31.0492,76.49,40.94,246.94
2017-08-15 00:00:00,105.78,95.33,30.85,76.47,40.68,246.51
2017-08-14 00:00:00,105.16,93.93,31.245,76.44,40.44,246.54
2017-08-11 00:00:00,104.36,93.79,30.93,75.77,40.28,244.12
2017-08-10 00:00:00,103.98,93.58,30.93,74.47,40.06,243.76
2017-08-09 00:00:00,105.01,94.5,31.19,77.26,40.25,247.25
2017-08-08 00:00:00,105.64,94.1,31.19,77.67,40.36,247.26
2017-08-07 00:00:00,106.01,95.05,31.1,78.55,41.46,247.87
2017-08-04 00:00:00,105.75,94.21,31.0,78.23,41.39,247.41
2017-08-03 00:00:00,105.45,94.06,31.1692,76.83,41.62,246.96
2017-08-02 00:00:00,105.4,94.04,31.1265,77.18,42.18,247.44
2017-08-01 00:00:00,105.75,94.86,31.33,77.09,42.51,247.32
2017-07-31 00:00:00,106.23,95.13,31.33,78.17,43.17,246.77
2017-07-28 00:00:00,106.52,96.99,31.33,79.74,43.39,246.91
2017-07-27 00:00:00,106.35,99.67,31.33,78.74,43.32,247.2
2017-07-26 00:00:00,102.86,98.44,31.33,80.79,43.85,247.43
2017-07-25 00:00:00,101.96,98.75,31.0793,80.61,44.05,247.42
2017-07-24 00:00:00,102.61,99.54,31.25,81.75,44.31,246.82
2017-07-21 00:00:00,103.56,100.26,31.2699,80.77,44.32,246.88
2017-07-20 00:00:00,103.83,100.5,31.2699,80.14,44.24,247.1
2017-07-19 00:00:00,103.49,101.52,31.1156,79.11,43.7,246.99
2017-07-18 00:00:00,103.23,100.26,31.1156,78.22,43.66,245.66
2017-07-17 00:00:00,103.26,99.9,31.1193,78.31,43.71,245.53
2017-07-14 00:00:00,103.41,100.21,30.591,79.07,43.77,245.56
2017-07-13 00:00:00,101.78,99.07,30.26,79.18,43.73,244.42
2017-07-12 00:00:00,101.65,99.66,30.3947,78.58,43.46,244.01
2017-07-11 00:00:00,100.04,98.87,29.6749,77.84,43.09,242.19
2017-07-10 00:00:00,100.37,99.54,29.5,77.09,42.79,242.37
2017-07-07 00:00:00,99.6,99.61,29.13,78.26,43.04,242.11
2017-07-06 00:00:00,99.41,99.91,29.516,77.96,42.73,240.55
2017-07-05 00:00:00,99.54,100.14,29.516,79.4,43.54,242.77
2017-07-03 00:00:00,99.31,99.14,29.516,77.91,43.46,242.21
2017-06-30 00:00:00,100.13,99.44,29.64,77.18,43.03,241.8
2017-06-29 00:00:00,99.8,99.19,29.65,78.22,43.18,241.35
2017-06-28 00:00:00,100.55,100.87,29.65,79.24,43.49,243.49
2017-06-27 00:00:00,100.1,100.21,29.65,77.27,43.0999,241.33
2017-06-26 00:00:00,100.55,101.49,29.65,80.1,44.02,243.29
2017-06-23 00:00:00,99.97,101.5,29.2612,80.31,43.92,243.13
2017-06-22 00:00:00,99.87,101.59,29.25,79.2,43.8,242.84
2017-06-21 00:00:00,100.22,102.09,29.29,78.51,43.23,242.95
2017-06-20 00:00:00,100.54,103.34,29.6929,74.98,42.13,243.01
2017-06-19 00:00:00,100.59,103.96,30.01,74.16,41.99,244.66
2017-06-16 00:00:00,100.41,103.17,30.0,71.6,41.26,242.64
2017-06-15 00:00:00,99.41,102.03,29.7,71.55,41.24,243.77
2017-06-14 00:00:00,99.79,101.31,29.7,72.54,41.49,244.24
2017-06-13 00:00:00,99.33,100.36,29.77,72.07,41.51,244.55
2017-06-12 00:00:00,98.89,100.83,29.77,71.26,41.36,243.36
2017-06-09 00:00:00,99.3,101.41,29.77,71.35,41.86,243.41
2017-06-08 00:00:00,100.04,101.89,29.75,71.62,42.28,243.78
2017-06-07 00:00:00,101.71,102.76,29.75,70.83,41.74,243.66
2017-06-06 00:00:00,102.28,102.44,29.68,70.66,41.68,243.21
2017-06-05 00:00:00,102.68,102.34,29.4,70.66,41.77,243.99
2017-06-02 00:00:00,101.79,102.26,29.36,71.1,42.33,244.17
2017-06-01 00:00:00,101.59,101.85,29.43,69.58,42.39,243.36
2017-05-31 00:00:00,100.99,101.22,29.309,67.71,41.71,241.44
2017-05-30 00:00:00,100.47,101.15,29.2901,67.46,41.29,241.5
2017-05-26 00:00:00,101.5,100.81,29.6756,68.72,41.75,241.71
2017-05-25 00:00:00,101.62,100.5,29.5,69.76,41.78,241.76
2017-05-24 00:00:00,101.69,98.77,29.79,70.1,41.46,240.61
2017-05-23 00:00:00,100.96,97.9,29.0086,69.65,41.48,240.05
2017-05-22 00:00:00,100.86,97.72,29.0065,69.61,41.09,239.52
2017-05-19 00:00:00,100.32,96.39,29.44,69.14,41.18,238.31
2017-05-18 00:00:00,99.15,95.56,28.7663,70.0,41.19,236.77
2017-05-17 00:00:00,100.72,95.66,30.87,68.57,41.46,235.82
2017-05-16 00:00:00,101.89,95.69,31.0899,70.68,42.4,240.08
2017-05-15 00:00:00,100.79,94.9,30.98,70.23,42.7,240.3
2017-05-12 00:00:00,100.51,94.5,30.716,70.03,42.6905,238.98
2017-05-11 00:00:00,100.11,94.13,30.54,69.09,42.65,239.38
2017-05-10 00:00:00,99.7,93.85,30.45,69.19,42.12,239.87
2017-05-09 00:00:00,99.75,94.49,30.06,69.35,41.9,239.44
2017-05-08 00:00:00,99.65,95.07,29.5957,68.25,41.28,239.66
2017-05-05 00:00:00,100.09,94.93,29.5643,70.15,42.42,239.7
2017-05-04 00:00:00,99.36,94.07,29.6128,70.72,42.18,238.76
2017-05-03 00:00:00,96.99,93.68,29.85,70.48,41.79,238.48
2017-05-02 00:00:00,96.95,93.85,30.09,70.9,42.97,238.77
2017-05-01 00:00:00,96.61,93.88,29.5045,72.13,43.2,238.68
2017-04-28 00:00:00,97.16,94.45,29.25,71.44,43.06,238.08
2017-04-27 00:00:00,96.26,93.97,29.25,71.19,43.1,238.6
2017-04-26 00:00:00,95.9,94.53,29.25,70.55,42.8,238.4
2017-04-25 00:00:00,97.39,96.04,29.6999,70.58,42.18,238.55
2017-04-24 00:00:00,97.48,95.68,29.6097,69.16,41.98,237.17
2017-04-21 00:00:00,95.09,93.61,29.11,67.98,41.485,234.59
2017-04-20 00:00:00,95.44,93.8,29.2258,68.6,41.92,235.34
2017-04-19 00:00:00,95.58,96.39,29.35,68.09,41.66,233.44
2017-04-18 00:00:00,96.66,97.25,29.5885,67.85,41.52,233.87
2017-04-17 00:00:00,96.56,96.96,29.5559,68.81,42.04,234.57
2017-04-13 00:00:00,95.56,95.56,29.05,68.47,42.21,232.51
2017-04-12 00:00:00,96.15,96.34,29.1,67.44,42.29,234.03
2017-04-11 00:00:00,96.32,96.09,29.35,67.12,42.45,235.06
2017-04-10 00:00:00,96.56,95.75,29.2526,67.31,42.77,235.34
2017-04-07 00:00:00,96.01,96.05,29.1529,67.32,42.7,235.2
2017-04-06 00:00:00,96.44,95.34,29.1529,66.84,41.88,235.44
2017-04-05 00:00:00,95.54,95.9,29.2236,66.93,41.33,234.78
2017-04-04 00:00:00,95.47,96.06,29.0,68.34,41.51,235.48
2017-04-03 00:00:00,95.55,95.61,29.0,68.31,41.65,235.33
2017-03-31 00:00:00,94.59,95.52,28.64,69.34,41.83,235.74
2017-03-30 00:00:00,95.45,96.14,28.5,69.25,42.04,236.29
2017-03-29 00:00:00,95.99,96.44,28.25,69.73,42.53,235.54
2017-03-28 00:00:00,96.19,96.18,28.379,69.31,42.3,235.32
2017-03-27 00:00:00,96.26,95.94,28.2961,69.75,42.11,233.62
2017-03-24 00:00:00,95.99,95.58,27.76,68.72,41.04,233.86
2017-03-23 00:00:00,95.5,96.61,27.76,68.16,40.9316,234.03
2017-03-22 00:00:00,95.28,97.07,27.76,68.42,40.91,234.28
2017-03-21 00:00:00,95.95,97.7,28.3279,67.76,40.87,233.73
2017-03-20 00:00:00,95.62,97.87,28.6774,71.2337,41.7472,236.77
2017-03-17 00:00:00,95.74,97.1,28.3981,71.02,41.13,237.03
2017-03-16 00:00:00,94.94,96.98,28.47,71.46,41.78,238.48
2017-03-15 00:00:00,93.79,96.97,28.22,72.32,42.03,238.95
2017-03-14 00:00:00,92.12,95.86,27.76,70.84,41.26,236.9
2017-03-13 00:00:00,92.7,96.14,27.8269,71.63,41.64,237.81
2017-03-10 00:00:00,92.38,96.18,27.9,71.5,41.6,237.69
2017-03-09 00:00:00,91.72,95.92,27.0828,70.96,41.54,236.86
2017-03-08 00:00:00,91.51,95.45,27.91,70.61,41.57,236.56
2017-03-07 00:00:00,92.11,96.04,28.0833,69.59,41.17,237.0
2017-03-06 00:00:00,92.14,95.35,27.7401,70.73,41.59,237.71
2017-03-03 00:00:00,92.54,95.63,27.7607,71.35,42.25,238.42
2017-03-02 00:00:00,91.05,95.45,27.91,70.6,42.3,238.27
2017-03-01 00:00:00,92.79,95.65,27.91,71.47,42.18,239.78
2017-02-28 00:00:00,91.96,94.86,27.5,70.21,41.84,236.47
2017-02-27 00:00:00,92.53,94.34,27.7499,70.48,42.75,237.11
2017-02-24 00:00:00,92.56,93.7,27.99,67.24,42.25,236.74
2017-02-23 00:00:00,92.36,93.0,27.99,67.14,42.13,236.44
2017-02-22 00:00:00,92.64,91.48,27.94,67.79,41.87,236.28
2017-02-21 00:00:00,92.73,91.52,28.06,69.01,42.06,236.49
2017-02-17 00:00:00,91.93,90.72,27.37,69.45,42.17,235.09
2017-02-16 00:00:00,91.65,90.22,27.5645,68.69,42.06,234.72
2017-02-15 00:00:00,91.06,89.96,27.75,69.11,42.53,234.92
2017-02-14 00:00:00,91.01,89.64,27.53,67.99,41.62,233.7
2017-02-13 00:00:00,90.38,89.79,27.5,66.98,40.93,232.77
2017-02-10 00:00:00,90.36,89.89,27.3801,66.75,40.79,231.51
2017-02-09 00:00:00,90.42,90.0,27.1465,67.07,40.79,230.6
2017-02-08 00:00:00,89.85,89.78,26.88,65.89,40.35,229.24
2017-02-07 00:00:00,88.71,89.21,26.83,65.32,40.01,228.94
2017-02-06 00:00:00,88.33,87.88,26.89,65.87,40.39,228.93
2017-02-03 00:00:00,88.95,88.61,26.98,65.98,40.22,229.34
2017-02-02 00:00:00,88.29,87.26,26.542,65.11,39.65,227.77
2017-02-01 00:00:00,88.12,85.54,26.2,64.96,39.26,227.62
2017-01-31 00:00:00,87.61,85.56,25.9,64.9,38.81,227.53
2017-01-30 00:00:00,87.64,85.51,25.87,62.32,37.59,227.55
2017-01-27 00:00:00,88.42,85.61,25.88,63.42,38.03,228.97
2017-01-26 00:00:00,88.48,85.56,25.75,62.63,37.79,229.33
2017-01-25 00:00:00,88.99,85.62,26.07,62.78,38.15,229.57
2017-01-24 00:00:00,88.64,85.18,25.8,62.44,37.77,227.6
2017-01-23 00:00:00,88.08,84.49,25.78,62.36,38.05,226.15
2017-01-20 00:00:00,87.23,84.16,25.18,63.15,38.37,226.74
2017-01-19 00:00:00,87.03,83.55,24.7101,63.62,38.76,225.91
2017-01-18 00:00:00,87.25,83.18,24.9,64.24,39.18,226.75
2017-01-17 00:00:00,87.99,82.24,25.2,63.43,38.95,226.25
2017-01-13 00:00:00,87.46,80.72,25.1028,65.0,39.68,227.05
2017-01-12 00:00:00,87.09,80.76,25.009,64.48,39.58,226.53
2017-01-11 00:00:00,86.71,80.77,24.59,63.49,39.41,227.1
2017-01-10 00:00:00,86.76,80.85,24.7382,65.75,40.6,226.46
2017-01-09 00:00:00,87.04,81.4,24.98,65.36,40.85,226.46
2017-01-06 00:00:00,87.37,81.83,24.98,63.35,40.8032,227.21
2017-01-05 00:00:00,87.75,81.29,24.93,62.47,40.96,226.4
2017-01-04 00:00:00,87.56,80.84,24.77,62.34,41.08,226.58
2017-01-03 00:00:00,87.22,81.23,24.618,59.59,40.11,225.24
2016-12-30 00:00:00,87.25,81.38,24.2,59.19,39.09,223.53
2016-12-29 00:00:00,87.23,81.61,24.4736,59.66,38.74,224.35
2016-12-28 00:00:00,86.45,81.01,24.72,60.13,39.09,224.4
2016-12-27 00:00:00,86.52,81.36,27.2587,60.95,39.76,226.27
2016-12-23 00:00:00,86.25,81.47,27.2587,61.53,40.01,225.71
2016-12-22 00:00:00,85.78,81.47,27.2587,59.47,39.1,225.38
2016-12-21 00:00:00,86.33,81.13,27.21,60.46,39.37,225.77
2016-12-20 00:00:00,85.94,80.8,27.09,61.73,39.71,226.4
2016-12-19 00:00:00,86.43,81.42,27.1908,61.01,39.82,225.53
2016-12-16 00:00:00,86.87,81.03,27.4199,61.95,39.87,225.04
2016-12-15 00:00:00,86.54,79.89,28.0761,61.94,39.38,226.81
2016-12-14 00:00:00,86.96,80.24,28.0761,60.9,39.04,225.88
2016-12-13 00:00:00,88.48,81.31,28.0761,60.91,39.28,227.76
2016-12-12 00:00:00,87.63,80.52,28.0761,60.98,38.63,226.25
2016-12-09 00:00:00,87.55,80.09,28.0082,61.9,38.77,226.51
2016-12-08 00:00:00,86.46,79.22,27.93,62.1,38.25,225.15
2016-12-07 00:00:00,86.62,79.52,27.7486,61.79,38.54,224.6
2016-12-06 00:00:00,85.9,78.08,27.2593,64.38,39.33,221.7
2016-12-05 00:00:00,86.16,77.52,27.2129,63.21,39.035,221.0
2016-12-02 00:00:00,85.01,77.89,26.9425,61.81,38.92,219.68
2016-12-01 00:00:00,84.15,77.26,26.9425,61.14,38.62,219.57
2016-11-30 00:00:00,86.54,77.98,27.71,62.67,39.24,220.38
2016-11-29 00:00:00,87.87,79.86,27.4732,64.57,39.71,220.91
2016-11-28 00:00:00,88.28,79.5,27.4732,64.35,40.12,220.48
2016-11-25 00:00:00,87.82,78.8,27.5399,66.4,40.68,221.52
2016-11-23 00:00:00,87.22,78.38,27.5399,65.74,40.58,220.7
2016-11-22 00:00:00,87.09,79.11,27.5399,64.63,40.24,220.58
2016-11-21 00:00:00,87.44,78.67,27.6632,66.36,40.83,220.15
2016-11-18 00:00:00,86.41,77.99,27.4399,65.98,40.86,218.5
2016-11-17 00:00:00,87.33,78.11,27.7644,66.48,41.33,218.99
2016-11-16 00:00:00,86.65,77.25,28.0,65.51,41.24,217.87
2016-11-15 00:00:00,87.38,76.66,28.0,67.71,41.93,218.28
2016-11-14 00:00:00,86.75,76.31,27.2117,68.13,42.04,216.59
2016-11-11 00:00:00,89.17,77.49,27.18,66.21,41.65,216.42
2016-11-10 00:00:00,89.88,78.39,28.4,65.79,41.48,216.92
2016-11-09 00:00:00,93.51,81.6,30.47,63.78,40.57,216.3792
2016-11-08 00:00:00,97.7,84.4,31.5975,57.79,38.2,214.11
2016-11-07 00:00:00,96.14,83.85,30.5222,57.34,38.5,213.15
2016-11-04 00:00:00,93.98,82.41,30.5222,54.87,37.44,208.55
2016-11-03 00:00:00,93.92,83.13,30.41,53.31,36.67,208.78
2016-11-02 00:00:00,95.32,83.04,30.2874,55.42,39.22,209.74
2016-11-01 00:00:00,95.87,83.2,31.72,56.84,40.09,211.01
2016-10-31 00:00:00,97.78,83.68,31.72,56.15,39.75,212.55
2016-10-28 00:00:00,97.98,83.5,31.8783,56.84,40.48,212.54
2016-10-27 00:00:00,99.86,82.6,31.8783,57.13,41.62,213.17
2016-10-26 00:00:00,99.82,82.79,32.0399,57.99,41.81,213.74
2016-10-25 00:00:00,101.33,83.18,32.4999,58.67,42.36,214.17
2016-10-24 00:00:00,102.23,83.48,32.1092,59.15,42.2,214.89
2016-10-21 00:00:00,102.54,82.61,32.1092,59.73,42.31,213.98
2016-10-20 00:00:00,102.54,81.42,32.1092,59.89,42.58,213.88
2016-10-19 00:00:00,103.17,81.69,32.05,58.82,42.22,214.28
2016-10-18 00:00:00,102.71,82.34,31.71,59.89,42.42,213.71
2016-10-17 00:00:00,102.36,81.63,30.813,59.07,41.85,212.38
2016-10-14 00:00:00,102.79,81.82,30.813,59.56,42.19,213.12
2016-10-13 00:00:00,102.34,82.14,30.813,61.34,42.95,213.01
2016-10-12 00:00:00,102.47,82.01,30.813,61.27,42.8,213.71
2016-10-11 00:00:00,102.56,81.45,31.0478,63.44,43.64,213.43
2016-10-10 00:00:00,103.1,81.78,31.1,65.52,44.92,216.16
2016-10-07 00:00:00,101.95,81.72,30.719,64.15,44.1,215.04
2016-10-06 00:00:00,102.57,81.44,30.82,64.66,44.37,215.78
2016-10-05 00:00:00,103.24,81.23,30.88,66.72,45.12,215.63
2016-10-04 00:00:00,103.06,81.71,30.88,65.66,44.61,214.68
2016-10-03 00:00:00,102.91,82.92,30.88,66.18,44.62,215.78
2016-09-30 00:00:00,103.38,82.96,30.365,66.29,44.19,216.3
2016-09-29 00:00:00,102.9,83.12,30.62,65.52,43.93,214.68
2016-09-28 00:00:00,104.24,84.47,30.62,67.8,46.1,216.64
2016-09-27 00:00:00,103.64,84.24,30.17,68.75,46.19,215.57
2016-09-26 00:00:00,102.87,84.01,30.17,67.77,45.68,214.24
2016-09-23 00:00:00,102.85,85.75,30.17,68.14,46.91,215.99
2016-09-22 00:00:00,102.83,85.97,30.46,68.83,46.56,217.18
2016-09-21 00:00:00,101.36,85.08,29.457,68.28,46.27,215.82
2016-09-20 00:00:00,99.61,84.02,29.457,67.51,46.12,213.42
2016-09-19 00:00:00,98.87,83.69,29.457,65.89,46.0,213.41
